{
  "accuracy": 0.99,
  "precision": 0.9803921568627451,
  "recall": 1.0,
  "f1_score": 0.9900990099009901,
  "cv_mean_f1": 0.9805458509739047,
  "cv_std_f1": 0.012298737783301565,
  "confusion_matrix": [
    [
      49,
      1
    ],
    [
      0,
      50
    ]
  ]
}