{
  "accuracy": 0.965,
  "precision": 0.9386792452830188,
  "recall": 0.995,
  "f1_score": 0.9660194174757282,
  "cv_mean_f1": 0.9665417045040987,
  "cv_std_f1": 0.009476365851089054,
  "confusion_matrix": [
    [
      187,
      13
    ],
    [
      1,
      199
    ]
  ]
}